Predict_time,Candidates_members_ID
20200430,600519.SH
20200430,601398.SH
20200430,601939.SH
20200430,601288.SH
20200430,601857.SH
20200430,601318.SH
20200430,601988.SH
20200430,600036.SH
20200430,601628.SH
20200430,300750.SZ
20200430,000858.SZ
20200430,600028.SH
20200430,002594.SZ
20200430,601088.SH
20200430,600900.SH
20200430,601658.SH
20200430,000333.SZ
20200430,601328.SH
20200430,601166.SH
20200430,300760.SZ
20200430,002415.SZ
20200430,603288.SH
20200430,600276.SH
20200430,600030.SH
20200430,601888.SH
20200430,601138.SH
20200430,601601.SH
20200430,000001.SZ
20200430,601998.SH
20200430,601319.SH
20200430,600000.SH
20200430,000651.SZ
20200430,601816.SH
20200430,601899.SH
20200430,002714.SZ
20200430,000568.SZ
20200430,600809.SH
20200430,600309.SH
20200430,601012.SH
20200430,002475.SZ
20200430,002352.SZ
20200430,601633.SH
20200430,300059.SZ
20200430,603259.SH
20200430,000002.SZ
20200430,601668.SH
20200430,601066.SH
20200430,600104.SH
20200430,600690.SH
20200430,002304.SZ
20200430,600887.SH
20200430,600585.SH
20200430,600016.SH
20200430,601818.SH
20200430,300015.SZ
20200430,002142.SZ
20200430,601766.SH
20200430,601919.SH
20200430,600031.SH
20200430,000725.SZ
20200430,600048.SH
20200430,003816.SZ
20200430,600406.SH
20200430,601225.SH
20200430,600436.SH
20200430,300122.SZ
20200430,600050.SH
20200430,601390.SH
20200430,601688.SH
20200430,000063.SZ
20200430,603501.SH
20200430,601211.SH
20200430,601800.SH
20200430,600837.SH
20200430,600019.SH
20200430,600438.SH
20200430,600999.SH
20200430,300124.SZ
20200430,300498.SZ
20200430,600346.SH
20200430,601336.SH
20200430,601111.SH
20200430,002493.SZ
20200430,002371.SZ
20200430,000338.SZ
20200430,300274.SZ
20200430,601985.SH
20200430,000776.SZ
20200430,603993.SH
20200430,600188.SH
20200430,300014.SZ
20200430,000166.SZ
20200430,601238.SH
20200430,600025.SH
20200430,601186.SH
20200430,601881.SH
20200430,600009.SH
20200430,002460.SZ
20200430,001979.SZ
20200430,600600.SH
20200430,000538.SZ
20200430,000596.SZ
20200430,000625.SZ
20200430,601006.SH
20200430,600011.SH
20200430,601229.SH
20200430,000895.SZ
20200430,600919.SH
20200430,601898.SH
20200430,601169.SH
20200430,600893.SH
20200430,600029.SH
20200430,600547.SH
20200430,601989.SH
20200430,600989.SH
20200430,002230.SZ
20200430,000792.SZ
20200430,600660.SH
20200430,002027.SZ
20200430,600150.SH
20200430,002736.SZ
20200430,600760.SH
20200430,002812.SZ
20200430,600196.SH
20200430,600703.SH
20200430,601360.SH
20200430,601009.SH
20200430,002241.SZ
20200430,000661.SZ
20200430,600115.SH
20200430,601669.SH
20200430,601600.SH
20200430,002311.SZ
20200430,002466.SZ
20200430,600745.SH
20200430,002129.SZ
20200430,300433.SZ
20200430,600588.SH
20200430,000617.SZ
20200430,600111.SH
20200430,600845.SH
20200430,600886.SH
20200430,002938.SZ
20200430,600010.SH
20200430,601100.SH
20200430,000100.SZ
20200430,600958.SH
20200430,300347.SZ
20200430,002607.SZ
20200430,002050.SZ
20200430,601916.SH
20200430,603986.SH
20200430,002179.SZ
20200430,603799.SH
20200430,601727.SH
20200430,002459.SZ
20200430,002049.SZ
20200430,002271.SZ
20200430,603260.SH
20200430,300759.SZ
20200430,000876.SZ
20200430,600926.SH
20200430,600570.SH
20200430,601788.SH
20200430,300413.SZ
20200430,300033.SZ
20200430,601127.SH
20200430,601618.SH
20200430,000768.SZ
20200430,600741.SH
20200430,000301.SZ
20200430,000938.SZ
20200430,600362.SH
20200430,601698.SH
20200430,601877.SH
20200430,601901.SH
20200430,601607.SH
20200430,002001.SZ
20200430,603806.SH
20200430,601865.SH
20200430,000157.SZ
20200430,603833.SH
20200430,600795.SH
20200430,600089.SH
20200430,000963.SZ
20200430,603659.SH
20200430,300308.SZ
20200430,603369.SH
20200430,300142.SZ
20200430,300450.SZ
20200430,000425.SZ
20200430,300454.SZ
20200430,002236.SZ
20200430,601155.SH
20200430,300601.SZ
20200430,300408.SZ
20200430,002709.SZ
20200430,300316.SZ
20200430,300628.SZ
20200430,600606.SH
20200430,002410.SZ
20200430,600426.SH
20200430,601689.SH
20200430,002821.SZ
20200430,002920.SZ
20200430,002600.SZ
20200430,600085.SH
20200430,601377.SH
20200430,603160.SH
20200430,600176.SH
20200430,601077.SH
20200430,600584.SH
20200430,002555.SZ
20200430,600332.SH
20200430,603019.SH
20200430,002007.SZ
20200430,601933.SH
20200430,000786.SZ
20200430,002916.SZ
20200430,600061.SH
20200430,002202.SZ
20200430,600233.SH
20200430,601021.SH
20200430,002602.SZ
20200430,002601.SZ
20200430,000877.SZ
20200430,601236.SH
20200430,600183.SH
20200430,000977.SZ
20200430,600221.SH
20200430,600026.SH
20200430,600027.SH
20200430,600763.SH
20200430,002648.SZ
20200430,002252.SZ
20200430,000069.SZ
20200430,002120.SZ
20200430,601872.SH
20200430,601838.SH
20200430,600039.SH
20200430,600489.SH
20200430,600132.SH
20200430,600875.SH
20200430,600383.SH
20200430,300661.SZ
20200430,600522.SH
20200430,601117.SH
20200430,002180.SZ
20200430,002074.SZ
20200430,300003.SZ
20200430,601878.SH
20200430,600754.SH
20200430,600460.SH
20200430,603486.SH
20200430,600372.SH
20200430,600161.SH
20200430,002414.SZ
20200430,601799.SH
20200430,601699.SH
20200430,000999.SZ
20200430,600482.SH
20200430,000983.SZ
20200430,600219.SH
20200430,002463.SZ
20200430,000066.SZ
20200430,300751.SZ
20200430,603658.SH
20200430,002625.SZ
20200430,300207.SZ
20200430,600352.SH
20200430,002384.SZ
20200430,300496.SZ
20200430,601216.SH
20200430,601108.SH
20200430,603939.SH
20200430,002945.SZ
20200430,002064.SZ
20200430,600515.SH
20200430,002422.SZ
20200430,300144.SZ
20200430,000783.SZ
20200430,600160.SH
20200430,000723.SZ
20200430,300529.SZ
20200430,601231.SH
20200430,002939.SZ
20200430,002624.SZ
20200430,300223.SZ
20200430,000408.SZ
20200430,000807.SZ
20200430,601555.SH
20200430,601966.SH
20200430,600705.SH
20200430,601990.SH
20200430,603882.SH
20200430,601615.SH
20200430,000703.SZ
20200430,600079.SH
20200430,600733.SH
20200430,000733.SZ
20201031,600519.SH
20201031,601398.SH
20201031,601939.SH
20201031,601288.SH
20201031,601857.SH
20201031,601988.SH
20201031,601318.SH
20201031,600036.SH
20201031,601628.SH
20201031,300750.SZ
20201031,000858.SZ
20201031,002594.SZ
20201031,600028.SH
20201031,601088.SH
20201031,600900.SH
20201031,601658.SH
20201031,000333.SZ
20201031,601328.SH
20201031,300760.SZ
20201031,601166.SH
20201031,002415.SZ
20201031,603288.SH
20201031,600276.SH
20201031,600030.SH
20201031,601888.SH
20201031,601138.SH
20201031,601899.SH
20201031,000001.SZ
20201031,601601.SH
20201031,601998.SH
20201031,600809.SH
20201031,000568.SZ
20201031,601012.SH
20201031,002714.SZ
20201031,600309.SH
20201031,601816.SH
20201031,002475.SZ
20201031,600000.SH
20201031,000651.SZ
20201031,601319.SH
20201031,601633.SH
20201031,002352.SZ
20201031,300059.SZ
20201031,603259.SH
20201031,601668.SH
20201031,601066.SH
20201031,600690.SH
20201031,000002.SZ
20201031,002304.SZ
20201031,600104.SH
20201031,600887.SH
20201031,600585.SH
20201031,300015.SZ
20201031,601818.SH
20201031,600016.SH
20201031,002142.SZ
20201031,601919.SH
20201031,601766.SH
20201031,600031.SH
20201031,000725.SZ
20201031,600048.SH
20201031,600406.SH
20201031,003816.SZ
20201031,600436.SH
20201031,601225.SH
20201031,300122.SZ
20201031,603501.SH
20201031,601390.SH
20201031,000063.SZ
20201031,600438.SH
20201031,300124.SZ
20201031,600050.SH
20201031,601688.SH
20201031,601211.SH
20201031,600019.SH
20201031,600837.SH
20201031,600999.SH
20201031,601800.SH
20201031,600346.SH
20201031,002371.SZ
20201031,002493.SZ
20201031,300274.SZ
20201031,300498.SZ
20201031,601111.SH
20201031,300014.SZ
20201031,601336.SH
20201031,600188.SH
20201031,000338.SZ
20201031,601985.SH
20201031,603993.SH
20201031,002460.SZ
20201031,600025.SH
20201031,000776.SZ
20201031,601238.SH
20201031,000166.SZ
20201031,601881.SH
20201031,000625.SZ
20201031,601186.SH
20201031,600600.SH
20201031,000596.SZ
20201031,000538.SZ
20201031,600009.SH
20201031,000792.SZ
20201031,600893.SH
20201031,601898.SH
20201031,000895.SZ
20201031,600919.SH
20201031,600011.SH
20201031,601006.SH
20201031,001979.SZ
20201031,600150.SH
20201031,002812.SZ
20201031,600029.SH
20201031,600760.SH
20201031,603392.SH
20201031,600660.SH
20201031,601229.SH
20201031,002230.SZ
20201031,601169.SH
20201031,600989.SH
20201031,600547.SH
20201031,002027.SZ
20201031,002736.SZ
20201031,600196.SH
20201031,601989.SH
20201031,600703.SH
20201031,603195.SH
20201031,002241.SZ
20201031,688036.SH
20201031,601009.SH
20201031,000661.SZ
20201031,002466.SZ
20201031,600745.SH
20201031,002129.SZ
20201031,002311.SZ
20201031,601600.SH
20201031,601669.SH
20201031,600115.SH
20201031,300433.SZ
20201031,601360.SH
20201031,688012.SH
20201031,600111.SH
20201031,600845.SH
20201031,600588.SH
20201031,601100.SH
20201031,002050.SZ
20201031,600886.SH
20201031,300347.SZ
20201031,000100.SZ
20201031,002459.SZ
20201031,603799.SH
20201031,600010.SH
20201031,603986.SH
20201031,002938.SZ
20201031,002179.SZ
20201031,000617.SZ
20201031,002049.SZ
20201031,600958.SH
20201031,002271.SZ
20201031,002607.SZ
20201031,601916.SH
20201031,603260.SH
20201031,300759.SZ
20201031,688008.SH
20201031,600926.SH
20201031,601727.SH
20201031,601127.SH
20201031,300413.SZ
20201031,601788.SH
20201031,600570.SH
20201031,300782.SZ
20201031,300033.SZ
20201031,000876.SZ
20201031,000301.SZ
20201031,000768.SZ
20201031,601618.SH
20201031,600362.SH
20201031,600741.SH
20201031,000938.SZ
20201031,603806.SH
20201031,601865.SH
20201031,601698.SH
20201031,601877.SH
20201031,002001.SZ
20201031,601901.SH
20201031,600089.SH
20201031,601607.SH
20201031,000157.SZ
20201031,600918.SH
20201031,603833.SH
20201031,603659.SH
20201031,600795.SH
20201031,300308.SZ
20201031,000963.SZ
20201031,002709.SZ
20201031,300450.SZ
20201031,603369.SH
20201031,000425.SZ
20201031,300142.SZ
20201031,300454.SZ
20201031,300316.SZ
20201031,300408.SZ
20201031,002236.SZ
20201031,300601.SZ
20201031,601689.SH
20201031,002920.SZ
20201031,600426.SH
20201031,300628.SZ
20201031,002821.SZ
20201031,002410.SZ
20201031,601155.SH
20201031,600085.SH
20201031,600584.SH
20201031,600176.SH
20201031,002600.SZ
20201031,601377.SH
20201031,002555.SZ
20201031,603019.SH
20201031,600606.SH
20201031,000877.SZ
20201031,000786.SZ
20201031,601077.SH
20201031,002007.SZ
20201031,002916.SZ
20201031,600233.SH
20201031,002601.SZ
20201031,603160.SH
20201031,600332.SH
20201031,601021.SH
20201031,002648.SZ
20201031,000977.SZ
20201031,600026.SH
20201031,600221.SH
20201031,600061.SH
20201031,600039.SH
20201031,002202.SZ
20201031,600183.SH
20201031,600763.SH
20201031,002602.SZ
20201031,601236.SH
20201031,300661.SZ
20201031,601872.SH
20201031,600027.SH
20201031,600132.SH
20201031,601838.SH
20201031,002252.SZ
20201031,600489.SH
20201031,600875.SH
20201031,601933.SH
20201031,600522.SH
20201031,002074.SZ
20201031,601117.SH
20201031,002180.SZ
20201031,000069.SZ
20201031,603486.SH
20201031,600754.SH
20201031,600383.SH
20201031,600460.SH
20201031,601878.SH
20201031,002120.SZ
20201031,300003.SZ
20201031,600372.SH
20201031,600161.SH
20201031,002414.SZ
20201031,601799.SH
20201031,300751.SZ
20201031,601699.SH
20201031,000983.SZ
20201031,601696.SH
20201031,000999.SZ
20201031,600219.SH
20201031,603290.SH
20201031,002625.SZ
20201031,300207.SZ
20201031,300496.SZ
20201031,002463.SZ
20201031,002064.SZ
20201031,000066.SZ
20201031,600482.SH
20201031,603658.SH
20201031,002384.SZ
20201031,601216.SH
20201031,603939.SH
20201031,600515.SH
20201031,603087.SH
20201031,300223.SZ
20201031,600160.SH
20201031,601108.SH
20201031,000807.SZ
20201031,600352.SH
20201031,002945.SZ
20201031,000408.SZ
20201031,300763.SZ
20201031,300529.SZ
20201031,300144.SZ
20201031,000733.SZ
20201031,601231.SH
20201031,601615.SH
20201031,002422.SZ
20201031,600079.SH
20210430,600519.SH
20210430,601398.SH
20210430,601939.SH
20210430,601288.SH
20210430,601857.SH
20210430,601988.SH
20210430,601318.SH
20210430,600036.SH
20210430,601628.SH
20210430,300750.SZ
20210430,000858.SZ
20210430,002594.SZ
20210430,600028.SH
20210430,601088.SH
20210430,600900.SH
20210430,601658.SH
20210430,000333.SZ
20210430,601328.SH
20210430,300760.SZ
20210430,601166.SH
20210430,002415.SZ
20210430,603288.SH
20210430,601888.SH
20210430,600276.SH
20210430,600030.SH
20210430,601138.SH
20210430,601899.SH
20210430,600809.SH
20210430,601012.SH
20210430,000568.SZ
20210430,000001.SZ
20210430,600309.SH
20210430,601601.SH
20210430,601633.SH
20210430,601998.SH
20210430,002714.SZ
20210430,002475.SZ
20210430,300059.SZ
20210430,002352.SZ
20210430,601816.SH
20210430,603259.SH
20210430,601319.SH
20210430,600000.SH
20210430,000651.SZ
20210430,600690.SH
20210430,601668.SH
20210430,601066.SH
20210430,002304.SZ
20210430,000002.SZ
20210430,600887.SH
20210430,601995.SH
20210430,600104.SH
20210430,300015.SZ
20210430,601919.SH
20210430,002142.SZ
20210430,600585.SH
20210430,601818.SH
20210430,600016.SH
20210430,601766.SH
20210430,600031.SH
20210430,600406.SH
20210430,600436.SH
20210430,000725.SZ
20210430,601225.SH
20210430,300122.SZ
20210430,600048.SH
20210430,003816.SZ
20210430,603501.SH
20210430,300124.SZ
20210430,600438.SH
20210430,601390.SH
20210430,000063.SZ
20210430,600019.SH
20210430,300274.SZ
20210430,600999.SH
20210430,600050.SH
20210430,601211.SH
20210430,601688.SH
20210430,002371.SZ
20210430,601800.SH
20210430,600837.SH
20210430,688111.SH
20210430,002493.SZ
20210430,600346.SH
20210430,300014.SZ
20210430,600188.SH
20210430,002460.SZ
20210430,601111.SH
20210430,601985.SH
20210430,603993.SH
20210430,600025.SH
20210430,000338.SZ
20210430,601336.SH
20210430,000625.SZ
20210430,300498.SZ
20210430,000776.SZ
20210430,000792.SZ
20210430,600600.SH
20210430,000596.SZ
20210430,601238.SH
20210430,000166.SZ
20210430,601881.SH
20210430,600893.SH
20210430,601186.SH
20210430,601898.SH
20210430,600150.SH
20210430,002812.SZ
20210430,000538.SZ
20210430,600760.SH
20210430,600919.SH
20210430,600011.SH
20210430,600660.SH
20210430,600009.SH
20210430,600029.SH
20210430,000895.SZ
20210430,600989.SH
20210430,601006.SH
20210430,002230.SZ
20210430,603392.SH
20210430,002027.SZ
20210430,001979.SZ
20210430,600547.SH
20210430,601169.SH
20210430,600196.SH
20210430,601229.SH
20210430,688036.SH
20210430,002736.SZ
20210430,600703.SH
20210430,002466.SZ
20210430,002241.SZ
20210430,601989.SH
20210430,002129.SZ
20210430,603195.SH
20210430,601009.SH
20210430,601600.SH
20210430,002311.SZ
20210430,601669.SH
20210430,000661.SZ
20210430,600111.SH
20210430,300433.SZ
20210430,600115.SH
20210430,600745.SH
20210430,600845.SH
20210430,688012.SH
20210430,002459.SZ
20210430,601100.SH
20210430,002050.SZ
20210430,300347.SZ
20210430,600886.SH
20210430,603799.SH
20210430,002049.SZ
20210430,600588.SH
20210430,000100.SZ
20210430,002179.SZ
20210430,600010.SH
20210430,603260.SH
20210430,601127.SH
20210430,002271.SZ
20210430,601360.SH
20210430,603986.SH
20210430,300759.SZ
20210430,600958.SH
20210430,600926.SH
20210430,002938.SZ
20210430,000617.SZ
20210430,000301.SZ
20210430,601916.SH
20210430,300782.SZ
20210430,601727.SH
20210430,601788.SH
20210430,688008.SH
20210430,300033.SZ
20210430,300413.SZ
20210430,600570.SH
20210430,000768.SZ
20210430,002607.SZ
20210430,688396.SH
20210430,603806.SH
20210430,601618.SH
20210430,600362.SH
20210430,601865.SH
20210430,000876.SZ
20210430,600089.SH
20210430,000938.SZ
20210430,601698.SH
20210430,601877.SH
20210430,002709.SZ
20210430,600741.SH
20210430,002001.SZ
20210430,603659.SH
20210430,601607.SH
20210430,000157.SZ
20210430,603833.SH
20210430,601901.SH
20210430,300308.SZ
20210430,600795.SH
20210430,000963.SZ
20210430,300450.SZ
20210430,603369.SH
20210430,600918.SH
20210430,300316.SZ
20210430,601689.SH
20210430,000425.SZ
20210430,002920.SZ
20210430,688126.SH
20210430,300142.SZ
20210430,300408.SZ
20210430,600426.SH
20210430,300454.SZ
20210430,002236.SZ
20210430,002821.SZ
20210430,688363.SH
20210430,300628.SZ
20210430,300601.SZ
20210430,002410.SZ
20210430,000877.SZ
20210430,600085.SH
20210430,600176.SH
20210430,600584.SH
20210430,603019.SH
20210430,601155.SH
20210430,601377.SH
20210430,002648.SZ
20210430,000786.SZ
20210430,600039.SH
20210430,002601.SZ
20210430,002555.SZ
20210430,600233.SH
20210430,600026.SH
20210430,600221.SH
20210430,002600.SZ
20210430,601021.SH
20210430,002007.SZ
20210430,300661.SZ
20210430,600132.SH
20210430,600763.SH
20210430,000977.SZ
20210430,600606.SH
20210430,002916.SZ
20210430,600332.SH
20210430,601077.SH
20210430,601838.SH
20210430,600027.SH
20210430,603899.SH
20210430,002202.SZ
20210430,002074.SZ
20210430,600489.SH
20210430,600875.SH
20210430,601872.SH
20210430,600061.SH
20210430,600522.SH
20210430,603486.SH
20210430,002252.SZ
20210430,600183.SH
20210430,601117.SH
20210430,600460.SH
20210430,600754.SH
20210430,601236.SH
20210430,002180.SZ
20210430,002602.SZ
20210430,300751.SZ
20210430,601878.SH
20210430,688169.SH
20210430,600372.SH
20210430,000069.SZ
20210430,000983.SZ
20210430,601699.SH
20210430,601799.SH
20210430,002414.SZ
20210430,600161.SH
20210430,603160.SH
20210430,600383.SH
20210430,601933.SH
20210430,600219.SH
20210430,300496.SZ
20210430,000999.SZ
20210430,002064.SZ
20210430,603290.SH
20210430,300207.SZ
20210430,300003.SZ
20210430,002120.SZ
20210430,600515.SH
20210430,600482.SH
20210430,601696.SH
20210430,601216.SH
20210430,300763.SZ
20210430,300223.SZ
20210430,000807.SZ
20210430,002463.SZ
20210430,600160.SH
20210430,000066.SZ
20210430,000408.SZ
20210430,000733.SZ
20210430,603939.SH
20210430,002384.SZ
20210430,603658.SH
20210430,601615.SH
20210430,603087.SH
20210430,600079.SH
20210430,601108.SH
20211031,600519.SH
20211031,601398.SH
20211031,601939.SH
20211031,601288.SH
20211031,601857.SH
20211031,601988.SH
20211031,600036.SH
20211031,300750.SZ
20211031,601318.SH
20211031,601628.SH
20211031,000858.SZ
20211031,002594.SZ
20211031,600028.SH
20211031,601088.SH
20211031,600900.SH
20211031,601658.SH
20211031,000333.SZ
20211031,688981.SH
20211031,601328.SH
20211031,300760.SZ
20211031,601166.SH
20211031,002415.SZ
20211031,603288.SH
20211031,601888.SH
20211031,600030.SH
20211031,601899.SH
20211031,600276.SH
20211031,600809.SH
20211031,601138.SH
20211031,000568.SZ
20211031,601012.SH
20211031,601633.SH
20211031,600309.SH
20211031,000001.SZ
20211031,300059.SZ
20211031,601998.SH
20211031,601601.SH
20211031,300999.SZ
20211031,002714.SZ
20211031,603259.SH
20211031,002475.SZ
20211031,002352.SZ
20211031,601816.SH
20211031,601319.SH
20211031,600000.SH
20211031,600690.SH
20211031,000651.SZ
20211031,601668.SH
20211031,002304.SZ
20211031,601919.SH
20211031,601066.SH
20211031,600887.SH
20211031,601995.SH
20211031,300015.SZ
20211031,600104.SH
20211031,000002.SZ
20211031,002142.SZ
20211031,601818.SH
20211031,600406.SH
20211031,601225.SH
20211031,601766.SH
20211031,600436.SH
20211031,600585.SH
20211031,600016.SH
20211031,600031.SH
20211031,000725.SZ
20211031,300124.SZ
20211031,600438.SH
20211031,003816.SZ
20211031,300122.SZ
20211031,600048.SH
20211031,600905.SH
20211031,300274.SZ
20211031,603501.SH
20211031,601390.SH
20211031,600019.SH
20211031,002371.SZ
20211031,600188.SH
20211031,000063.SZ
20211031,002493.SZ
20211031,600050.SH
20211031,601800.SH
20211031,300014.SZ
20211031,600999.SH
20211031,601211.SH
20211031,600346.SH
20211031,601688.SH
20211031,002460.SZ
20211031,688111.SH
20211031,601985.SH
20211031,600837.SH
20211031,600025.SH
20211031,601111.SH
20211031,603993.SH
20211031,000625.SZ
20211031,000338.SZ
20211031,000776.SZ
20211031,000792.SZ
20211031,000596.SZ
20211031,600600.SH
20211031,601898.SH
20211031,300498.SZ
20211031,601238.SH
20211031,601336.SH
20211031,600893.SH
20211031,002812.SZ
20211031,600150.SH
20211031,601881.SH
20211031,600760.SH
20211031,000166.SZ
20211031,600919.SH
20211031,600660.SH
20211031,600011.SH
20211031,601186.SH
20211031,600029.SH
20211031,000538.SZ
20211031,600989.SH
20211031,002230.SZ
20211031,603392.SH
20211031,601006.SH
20211031,002466.SZ
20211031,600009.SH
20211031,002027.SZ
20211031,688036.SH
20211031,601169.SH
20211031,000895.SZ
20211031,002129.SZ
20211031,600547.SH
20211031,600196.SH
20211031,601600.SH
20211031,601229.SH
20211031,001979.SZ
20211031,601009.SH
20211031,002736.SZ
20211031,600703.SH
20211031,601989.SH
20211031,600111.SH
20211031,002241.SZ
20211031,601669.SH
20211031,300896.SZ
20211031,002459.SZ
20211031,002311.SZ
20211031,600015.SH
20211031,600115.SH
20211031,600845.SH
20211031,603799.SH
20211031,601127.SH
20211031,603260.SH
20211031,601100.SH
20211031,600886.SH
20211031,002179.SZ
20211031,300433.SZ
20211031,688599.SH
20211031,002050.SZ
20211031,600010.SH
20211031,688012.SH
20211031,002049.SZ
20211031,300347.SZ
20211031,000661.SZ
20211031,000100.SZ
20211031,600745.SH
20211031,000301.SZ
20211031,002271.SZ
20211031,300759.SZ
20211031,600958.SH
20211031,600926.SH
20211031,603986.SH
20211031,600588.SH
20211031,605499.SH
20211031,601360.SH
20211031,300782.SZ
20211031,000617.SZ
20211031,601727.SH
20211031,000768.SZ
20211031,601916.SH
20211031,300033.SZ
20211031,603806.SH
20211031,002938.SZ
20211031,601788.SH
20211031,601865.SH
20211031,600362.SH
20211031,600089.SH
20211031,688396.SH
20211031,601618.SH
20211031,688008.SH
20211031,002709.SZ
20211031,600570.SH
20211031,300413.SZ
20211031,603659.SH
20211031,688256.SH
20211031,600795.SH
20211031,300308.SZ
20211031,601877.SH
20211031,300316.SZ
20211031,300450.SZ
20211031,000963.SZ
20211031,002001.SZ
20211031,601607.SH
20211031,601689.SH
20211031,603833.SH
20211031,000157.SZ
20211031,600741.SH
20211031,002920.SZ
20211031,601698.SH
20211031,000938.SZ
20211031,603369.SH
20211031,601901.SH
20211031,000425.SZ
20211031,600426.SH
20211031,600674.SH
20211031,300408.SZ
20211031,000876.SZ
20211031,000877.SZ
20211031,600023.SH
20211031,002821.SZ
20211031,002236.SZ
20211031,600918.SH
20211031,300142.SZ
20211031,688126.SH
20211031,002607.SZ
20211031,600085.SH
20211031,300628.SZ
20211031,600176.SH
20211031,688363.SH
20211031,002648.SZ
20211031,600039.SH
20211031,300454.SZ
20211031,600584.SH
20211031,002410.SZ
20211031,601377.SH
20211031,603019.SH
20211031,600221.SH
20211031,600026.SH
20211031,002601.SZ
20211031,000786.SZ
20211031,601021.SH
20211031,600233.SH
20211031,600132.SH
20211031,601155.SH
20211031,605117.SH
20211031,603486.SH
20211031,601838.SH
20211031,300661.SZ
20211031,002074.SZ
20211031,300601.SZ
20211031,600027.SH
20211031,600875.SH
20211031,600460.SH
20211031,600522.SH
20211031,601117.SH
20211031,002202.SZ
20211031,601872.SH
20211031,000977.SZ
20211031,600763.SH
20211031,600332.SH
20211031,600489.SH
20211031,300751.SZ
20211031,601077.SH
20211031,002600.SZ
20211031,603899.SH
20211031,600754.SH
20211031,002555.SZ
20211031,002180.SZ
20211031,600061.SH
20211031,002916.SZ
20211031,000983.SZ
20211031,601699.SH
20211031,688169.SH
20211031,002252.SZ
20211031,300832.SZ
20211031,600372.SH
20211031,600183.SH
20211031,002007.SZ
20211031,600606.SH
20211031,601878.SH
20211031,601799.SH
20211031,600219.SH
20211031,000999.SZ
20211031,300763.SZ
20211031,300496.SZ
20211031,600161.SH
20211031,601236.SH
20211031,002064.SZ
20211031,603290.SH
20211031,000069.SZ
20211031,002414.SZ
20211031,000807.SZ
20211031,000408.SZ
20211031,300207.SZ
20211031,600515.SH
20211031,600160.SH
20211031,000733.SZ
20211031,002602.SZ
20211031,600482.SH
20211031,601615.SH
20211031,600383.SH
20211031,300866.SZ
20211031,300223.SZ
20211031,002463.SZ
20211031,601216.SH
20220430,600519.SH
20220430,600941.SH
20220430,601398.SH
20220430,601939.SH
20220430,601288.SH
20220430,601857.SH
20220430,601988.SH
20220430,300750.SZ
20220430,600036.SH
20220430,601628.SH
20220430,601318.SH
20220430,002594.SZ
20220430,000858.SZ
20220430,600028.SH
20220430,601088.SH
20220430,600900.SH
20220430,601728.SH
20220430,601658.SH
20220430,000333.SZ
20220430,688981.SH
20220430,601328.SH
20220430,300760.SZ
20220430,601166.SH
20220430,002415.SZ
20220430,601899.SH
20220430,603288.SH
20220430,600030.SH
20220430,600809.SH
20220430,601138.SH
20220430,601888.SH
20220430,000568.SZ
20220430,601633.SH
20220430,601012.SH
20220430,600276.SH
20220430,600309.SH
20220430,300059.SZ
20220430,601998.SH
20220430,000001.SZ
20220430,601601.SH
20220430,002714.SZ
20220430,601816.SH
20220430,603259.SH
20220430,002475.SZ
20220430,300999.SZ
20220430,600690.SH
20220430,601319.SH
20220430,002352.SZ
20220430,600000.SH
20220430,601668.SH
20220430,000651.SZ
20220430,601919.SH
20220430,002304.SZ
20220430,600887.SH
20220430,601066.SH
20220430,601995.SH
20220430,002142.SZ
20220430,300015.SZ
20220430,600104.SH
20220430,601225.SH
20220430,600406.SH
20220430,601818.SH
20220430,601766.SH
20220430,600436.SH
20220430,000002.SZ
20220430,600016.SH
20220430,300124.SZ
20220430,003816.SZ
20220430,000725.SZ
20220430,600438.SH
20220430,300274.SZ
20220430,600585.SH
20220430,600905.SH
20220430,002371.SZ
20220430,600188.SH
20220430,600031.SH
20220430,600048.SH
20220430,601390.SH
20220430,300122.SZ
20220430,600019.SH
20220430,603501.SH
20220430,601800.SH
20220430,601985.SH
20220430,000063.SZ
20220430,600050.SH
20220430,600025.SH
20220430,300014.SZ
20220430,601211.SH
20220430,002460.SZ
20220430,000625.SZ
20220430,601688.SH
20220430,601111.SH
20220430,600999.SH
20220430,002493.SZ
20220430,688111.SH
20220430,603993.SH
20220430,600837.SH
20220430,600346.SH
20220430,601898.SH
20220430,000776.SZ
20220430,000596.SZ
20220430,000792.SZ
20220430,000338.SZ
20220430,600600.SH
20220430,600150.SH
20220430,300498.SZ
20220430,601238.SH
20220430,002812.SZ
20220430,600011.SH
20220430,600919.SH
20220430,600760.SH
20220430,601881.SH
20220430,600893.SH
20220430,000166.SZ
20220430,600660.SH
20220430,601186.SH
20220430,601336.SH
20220430,600029.SH
20220430,002466.SZ
20220430,002230.SZ
20220430,600989.SH
20220430,603392.SH
20220430,601006.SH
20220430,000538.SZ
20220430,601600.SH
20220430,002129.SZ
20220430,600009.SH
20220430,600111.SH
20220430,601169.SH
20220430,601669.SH
20220430,002459.SZ
20220430,600547.SH
20220430,688036.SH
20220430,601009.SH
20220430,002027.SZ
20220430,001979.SZ
20220430,601127.SH
20220430,601868.SH
20220430,601989.SH
20220430,601229.SH
20220430,600196.SH
20220430,300896.SZ
20220430,603260.SH
20220430,002736.SZ
20220430,002241.SZ
20220430,600703.SH
20220430,000895.SZ
20220430,600845.SH
20220430,600115.SH
20220430,688599.SH
20220430,002311.SZ
20220430,600886.SH
20220430,603799.SH
20220430,600010.SH
20220430,002179.SZ
20220430,002049.SZ
20220430,688012.SH
20220430,002050.SZ
20220430,000301.SZ
20220430,601100.SH
20220430,600958.SH
20220430,300347.SZ
20220430,300433.SZ
20220430,000100.SZ
20220430,002271.SZ
20220430,300759.SZ
20220430,600926.SH
20220430,605499.SH
20220430,603986.SH
20220430,600745.SH
20220430,600089.SH
20220430,000617.SZ
20220430,603806.SH
20220430,300033.SZ
20220430,002709.SZ
20220430,601865.SH
20220430,000768.SZ
20220430,601727.SH
20220430,601618.SH
20220430,000661.SZ
20220430,601916.SH
20220430,601788.SH
20220430,601360.SH
20220430,600362.SH
20220430,688396.SH
20220430,300782.SZ
20220430,300308.SZ
20220430,600588.SH
20220430,600795.SH
20220430,603659.SH
20220430,002938.SZ
20220430,688008.SH
20220430,300316.SZ
20220430,601689.SH
20220430,688256.SH
20220430,000963.SZ
20220430,601607.SH
20220430,002920.SZ
20220430,600570.SH
20220430,000425.SZ
20220430,601877.SH
20220430,300450.SZ
20220430,000938.SZ
20220430,600674.SH
20220430,002001.SZ
20220430,601698.SH
20220430,603369.SH
20220430,600426.SH
20220430,601901.SH
20220430,603833.SH
20220430,300408.SZ
20220430,300413.SZ
20220430,600741.SH
20220430,000157.SZ
20220430,600023.SH
20220430,600085.SH
20220430,600039.SH
20220430,002648.SZ
20220430,002821.SZ
20220430,002236.SZ
20220430,300142.SZ
20220430,300628.SZ
20220430,600026.SH
20220430,688126.SH
20220430,000876.SZ
20220430,600176.SH
20220430,603019.SH
20220430,688363.SH
20220430,300957.SZ
20220430,600233.SH
20220430,600584.SH
20220430,601377.SH
20220430,300919.SZ
20220430,600918.SH
20220430,601021.SH
20220430,600027.SH
20220430,601838.SH
20220430,600875.SH
20220430,600460.SH
20220430,300661.SZ
20220430,601117.SH
20220430,600522.SH
20220430,605117.SH
20220430,002074.SZ
20220430,300751.SZ
20220430,601872.SH
20220430,002410.SZ
20220430,002601.SZ
20220430,600132.SH
20220430,601699.SH
20220430,603486.SH
20220430,000786.SZ
20220430,000983.SZ
20220430,300454.SZ
20220430,000977.SZ
20220430,002180.SZ
20220430,600489.SH
20220430,600332.SH
20220430,601077.SH
20220430,002202.SZ
20220430,600372.SH
20220430,600754.SH
20220430,002555.SZ
20220430,002916.SZ
20220430,300763.SZ
20220430,601155.SH
20220430,600061.SH
20220430,000999.SZ
20220430,002252.SZ
20220430,000408.SZ
20220430,300832.SZ
20220430,600160.SH
20220430,600183.SH
20220430,002600.SZ
20220430,000807.SZ
20220430,600219.SH
20220430,600763.SH
20220430,688169.SH
20220430,601878.SH
20220430,000733.SZ
20220430,603290.SH
20220430,300601.SZ
20220430,601799.SH
20220430,600606.SH
20220430,600161.SH
20220430,300207.SZ
20220430,300496.SZ
20220430,002007.SZ
20220430,002064.SZ
20220430,601615.SH
20220430,601236.SH
20220430,600482.SH
20220430,002463.SZ
20220430,300223.SZ
20220430,002414.SZ
20220430,000069.SZ
20220430,002602.SZ
20220430,600415.SH
20220430,600884.SH
20220430,601216.SH
20220430,000630.SZ
20221031,600519.SH
20221031,600941.SH
20221031,601398.SH
20221031,601939.SH
20221031,601857.SH
20221031,601288.SH
20221031,601988.SH
20221031,600938.SH
20221031,300750.SZ
20221031,601628.SH
20221031,600036.SH
20221031,601318.SH
20221031,002594.SZ
20221031,600028.SH
20221031,601088.SH
20221031,000858.SZ
20221031,600900.SH
20221031,601728.SH
20221031,601658.SH
20221031,000333.SZ
20221031,601328.SH
20221031,688981.SH
20221031,601166.SH
20221031,300760.SZ
20221031,601899.SH
20221031,002415.SZ
20221031,601138.SH
20221031,600030.SH
20221031,600809.SH
20221031,603288.SH
20221031,000568.SZ
20221031,601998.SH
20221031,601888.SH
20221031,600276.SH
20221031,300059.SZ
20221031,600309.SH
20221031,601012.SH
20221031,601633.SH
20221031,601601.SH
20221031,002714.SZ
20221031,601816.SH
20221031,002475.SZ
20221031,601319.SH
20221031,000001.SZ
20221031,600690.SH
20221031,600000.SH
20221031,002352.SZ
20221031,601668.SH
20221031,603259.SH
20221031,300999.SZ
20221031,000651.SZ
20221031,601919.SH
20221031,601225.SH
20221031,600887.SH
20221031,002304.SZ
20221031,601066.SH
20221031,600406.SH
20221031,002142.SZ
20221031,601995.SH
20221031,600104.SH
20221031,601818.SH
20221031,601766.SH
20221031,300015.SZ
20221031,003816.SZ
20221031,600436.SH
20221031,600016.SH
20221031,600188.SH
20221031,300124.SZ
20221031,000002.SZ
20221031,300274.SZ
20221031,601390.SH
20221031,002371.SZ
20221031,600438.SH
20221031,000725.SZ
20221031,600048.SH
20221031,600905.SH
20221031,600585.SH
20221031,601985.SH
20221031,601800.SH
20221031,600025.SH
20221031,600050.SH
20221031,600031.SH
20221031,600019.SH
20221031,000063.SZ
20221031,601111.SH
20221031,601211.SH
20221031,000625.SZ
20221031,603501.SH
20221031,601688.SH
20221031,603993.SH
20221031,601898.SH
20221031,300014.SZ
20221031,600999.SH
20221031,688111.SH
20221031,300122.SZ
20221031,600837.SH
20221031,600150.SH
20221031,300498.SZ
20221031,002493.SZ
20221031,600011.SH
20221031,002460.SZ
20221031,000596.SZ
20221031,600919.SH
20221031,000776.SZ
20221031,600600.SH
20221031,601881.SH
20221031,000792.SZ
20221031,600346.SH
20221031,600760.SH
20221031,000338.SZ
20221031,600029.SH
20221031,601238.SH
20221031,601186.SH
20221031,000166.SZ
20221031,600893.SH
20221031,600660.SH
20221031,601006.SH
20221031,002466.SZ
20221031,600989.SH
20221031,601336.SH
20221031,002230.SZ
20221031,002812.SZ
20221031,600009.SH
20221031,601669.SH
20221031,603392.SH
20221031,601600.SH
20221031,002459.SZ
20221031,600547.SH
20221031,601169.SH
20221031,001979.SZ
20221031,002129.SZ
20221031,000538.SZ
20221031,601127.SH
20221031,601009.SH
20221031,601989.SH
20221031,601868.SH
20221031,600111.SH
20221031,601229.SH
20221031,600115.SH
20221031,002027.SZ
20221031,688036.SH
20221031,600886.SH
20221031,688599.SH
20221031,600845.SH
20221031,600015.SH
20221031,002736.SZ
20221031,000895.SZ
20221031,300896.SZ
20221031,603260.SH
20221031,002179.SZ
20221031,002311.SZ
20221031,002050.SZ
20221031,688012.SH
20221031,002241.SZ
20221031,600196.SH
20221031,600010.SH
20221031,688303.SH
20221031,002049.SZ
20221031,600703.SH
20221031,603799.SH
20221031,600958.SH
20221031,000301.SZ
20221031,601100.SH
20221031,300308.SZ
20221031,600089.SH
20221031,605499.SH
20221031,600926.SH
20221031,300033.SZ
20221031,000100.SZ
20221031,000617.SZ
20221031,600795.SH
20221031,601727.SH
20221031,688187.SH
20221031,601689.SH
20221031,300433.SZ
20221031,688256.SH
20221031,000768.SZ
20221031,603986.SH
20221031,601788.SH
20221031,601618.SH
20221031,601916.SH
20221031,601865.SH
20221031,002271.SZ
20221031,300347.SZ
20221031,600745.SH
20221031,601360.SH
20221031,600362.SH
20221031,603806.SH
20221031,688008.SH
20221031,002709.SZ
20221031,002920.SZ
20221031,002938.SZ
20221031,601607.SH
20221031,300316.SZ
20221031,000425.SZ
20221031,688396.SH
20221031,000963.SZ
20221031,300759.SZ
20221031,600674.SH
20221031,603659.SH
20221031,600039.SH
20221031,000938.SZ
20221031,600588.SH
20221031,601698.SH
20221031,603369.SH
20221031,600570.SH
20221031,600085.SH
20221031,600023.SH
20221031,000661.SZ
20221031,002001.SZ
20221031,300782.SZ
20221031,600426.SH
20221031,601877.SH
20221031,601901.SH
20221031,600026.SH
20221031,300408.SZ
20221031,300450.SZ
20221031,600741.SH
20221031,000157.SZ
20221031,603833.SH
20221031,002648.SZ
20221031,603019.SH
20221031,600233.SH
20221031,300413.SZ
20221031,002236.SZ
20221031,605117.SH
20221031,600522.SH
20221031,600027.SH
20221031,000876.SZ
20221031,300628.SZ
20221031,600875.SH
20221031,601838.SH
20221031,688126.SH
20221031,600176.SH
20221031,601872.SH
20221031,601021.SH
20221031,600584.SH
20221031,002821.SZ
20221031,601377.SH
20221031,000983.SZ
20221031,601699.SH
20221031,601117.SH
20221031,002180.SZ
20221031,000977.SZ
20221031,600489.SH
20221031,300751.SZ
20221031,600372.SH
20221031,300661.SZ
20221031,600918.SH
20221031,002074.SZ
20221031,300142.SZ
20221031,600332.SH
20221031,600460.SH
20221031,000999.SZ
20221031,601077.SH
20221031,300919.SZ
20221031,000786.SZ
20221031,300957.SZ
20221031,688363.SH
20221031,002601.SZ
20221031,002410.SZ
20221031,002202.SZ
20221031,600132.SH
20221031,002916.SZ
20221031,600754.SH
20221031,600160.SH
20221031,002555.SZ
20221031,300832.SZ
20221031,300763.SZ
20221031,002252.SZ
20221031,000408.SZ
20221031,600061.SH
20221031,000733.SZ
20221031,000807.SZ
20221031,601878.SH
20221031,002463.SZ
20221031,002600.SZ
20221031,600183.SH
20221031,603486.SH
20221031,600219.SH
20221031,603290.SH
20221031,300454.SZ
20221031,600161.SH
20221031,601615.SH
20221031,600482.SH
20221031,601799.SH
20221031,600415.SH
20221031,300207.SZ
20221031,002028.SZ
20221031,300496.SZ
20221031,688169.SH
20221031,601155.SH
20221031,601236.SH
20221031,002422.SZ
20221031,600606.SH
20221031,300442.SZ
20221031,002384.SZ
20221031,002603.SZ
20221031,000630.SZ
20221031,300223.SZ
20230430,600519.SH
20230430,600941.SH
20230430,601398.SH
20230430,601939.SH
20230430,601857.SH
20230430,601288.SH
20230430,601988.SH
20230430,600938.SH
20230430,300750.SZ
20230430,601628.SH
20230430,600036.SH
20230430,601318.SH
20230430,002594.SZ
20230430,600028.SH
20230430,601088.SH
20230430,000858.SZ
20230430,600900.SH
20230430,601728.SH
20230430,601658.SH
20230430,601328.SH
20230430,000333.SZ
20230430,688981.SH
20230430,601166.SH
20230430,300760.SZ
20230430,601899.SH
20230430,601138.SH
20230430,600030.SH
20230430,002415.SZ
20230430,601998.SH
20230430,600809.SH
20230430,000568.SZ
20230430,603288.SH
20230430,600276.SH
20230430,600309.SH
20230430,300059.SZ
20230430,601601.SH
20230430,601888.SH
20230430,601816.SH
20230430,601319.SH
20230430,002714.SZ
20230430,601633.SH
20230430,600690.SH
20230430,002475.SZ
20230430,601012.SH
20230430,601668.SH
20230430,600000.SH
20230430,000001.SZ
20230430,002352.SZ
20230430,000651.SZ
20230430,601225.SH
20230430,603259.SH
20230430,300999.SZ
20230430,601919.SH
20230430,601066.SH
20230430,002304.SZ
20230430,600887.SH
20230430,600406.SH
20230430,601818.SH
20230430,601766.SH
20230430,601995.SH
20230430,600104.SH
20230430,002142.SZ
20230430,003816.SZ
20230430,600188.SH
20230430,300015.SZ
20230430,600016.SH
20230430,300124.SZ
20230430,601390.SH
20230430,600436.SH
20230430,002371.SZ
20230430,300274.SZ
20230430,000725.SZ
20230430,601985.SH
20230430,600438.SH
20230430,000002.SZ
20230430,600025.SH
20230430,600048.SH
20230430,601800.SH
20230430,600050.SH
20230430,600905.SH
20230430,600585.SH
20230430,000063.SZ
20230430,600019.SH
20230430,000625.SZ
20230430,601898.SH
20230430,601111.SH
20230430,600031.SH
20230430,603993.SH
20230430,688111.SH
20230430,601211.SH
20230430,600150.SH
20230430,601688.SH
20230430,600999.SH
20230430,600919.SH
20230430,300498.SZ
20230430,600011.SH
20230430,000596.SZ
20230430,600837.SH
20230430,601881.SH
20230430,600600.SH
20230430,300014.SZ
20230430,603501.SH
20230430,002493.SZ
20230430,600760.SH
20230430,601186.SH
20230430,300122.SZ
20230430,600029.SH
20230430,000776.SZ
20230430,000338.SZ
20230430,688223.SH
20230430,000166.SZ
20230430,601006.SH
20230430,002460.SZ
20230430,600346.SH
20230430,600660.SH
20230430,000792.SZ
20230430,601238.SH
20230430,600989.SH
20230430,601336.SH
20230430,600893.SH
20230430,002230.SZ
20230430,600009.SH
20230430,002466.SZ
20230430,601127.SH
20230430,600547.SH
20230430,601600.SH
20230430,601169.SH
20230430,601669.SH
20230430,601009.SH
20230430,001979.SZ
20230430,601989.SH
20230430,600886.SH
20230430,000538.SZ
20230430,002459.SZ
20230430,603392.SH
20230430,601868.SH
20230430,600115.SH
20230430,600845.SH
20230430,601229.SH
20230430,600015.SH
20230430,002027.SZ
20230430,002129.SZ
20230430,688036.SH
20230430,002736.SZ
20230430,002050.SZ
20230430,000895.SZ
20230430,688012.SH
20230430,002179.SZ
20230430,300896.SZ
20230430,300308.SZ
20230430,688599.SH
20230430,002812.SZ
20230430,600111.SH
20230430,002311.SZ
20230430,603260.SH
20230430,688303.SH
20230430,600010.SH
20230430,600196.SH
20230430,688256.SH
20230430,605499.SH
20230430,600958.SH
20230430,002049.SZ
20230430,300033.SZ
20230430,600795.SH
20230430,600089.SH
20230430,000301.SZ
20230430,000617.SZ
20230430,601100.SH
20230430,600926.SH
20230430,002241.SZ
20230430,000100.SZ
20230430,603799.SH
20230430,601689.SH
20230430,601788.SH
20230430,000425.SZ
20230430,601916.SH
20230430,601618.SH
20230430,601607.SH
20230430,000768.SZ
20230430,300433.SZ
20230430,688187.SH
20230430,600674.SH
20230430,600362.SH
20230430,002920.SZ
20230430,601360.SH
20230430,000963.SZ
20230430,603986.SH
20230430,688008.SH
20230430,600039.SH
20230430,601698.SH
20230430,600026.SH
20230430,601865.SH
20230430,300316.SZ
20230430,002938.SZ
20230430,688396.SH
20230430,600023.SH
20230430,000938.SZ
20230430,300347.SZ
20230430,600085.SH
20230430,603369.SH
20230430,002709.SZ
20230430,002271.SZ
20230430,603806.SH
20230430,601901.SH
20230430,600426.SH
20230430,600570.SH
20230430,603019.SH
20230430,603659.SH
20230430,002001.SZ
20230430,300759.SZ
20230430,300408.SZ
20230430,000157.SZ
20230430,000661.SZ
20230430,600588.SH
20230430,600745.SH
20230430,600027.SH
20230430,605117.SH
20230430,600233.SH
20230430,300782.SZ
20230430,601872.SH
20230430,002648.SZ
20230430,600741.SH
20230430,603833.SH
20230430,002236.SZ
20230430,601877.SH
20230430,601838.SH
20230430,601699.SH
20230430,000983.SZ
20230430,600875.SH
20230430,601021.SH
20230430,601136.SH
20230430,600584.SH
20230430,600372.SH
20230430,300413.SZ
20230430,600489.SH
20230430,000977.SZ
20230430,000876.SZ
20230430,688126.SH
20230430,000999.SZ
20230430,300450.SZ
20230430,601377.SH
20230430,600176.SH
20230430,300628.SZ
20230430,002180.SZ
20230430,601117.SH
20230430,600332.SH
20230430,300751.SZ
20230430,600160.SH
20230430,600918.SH
20230430,300832.SZ
20230430,000786.SZ
20230430,002074.SZ
20230430,002463.SZ
20230430,300661.SZ
20230430,002252.SZ
20230430,300442.SZ
20230430,002821.SZ
20230430,002916.SZ
20230430,002555.SZ
20230430,000807.SZ
20230430,002601.SZ
20230430,600515.SH
20230430,600754.SH
20230430,600460.SH
20230430,600061.SH
20230430,300763.SZ
20230430,688363.SH
20230430,002202.SZ
20230430,000408.SZ
20230430,300142.SZ
20230430,688082.SH
20230430,600415.SH
20230430,600132.SH
20230430,002600.SZ
20230430,601878.SH
20230430,300957.SZ
20230430,300919.SZ
20230430,002410.SZ
20230430,600161.SH
20230430,600183.SH
20230430,600482.SH
20230430,300502.SZ
20230430,002422.SZ
20230430,000733.SZ
20230430,002028.SZ
20230430,600219.SH
20230430,000975.SZ
20230430,601615.SH
20230430,601799.SH
20230430,002603.SZ
20230430,000630.SZ
20230430,603290.SH
20230430,300418.SZ
20230430,688169.SH
20230430,300454.SZ
20230430,601236.SH
20230430,300496.SZ
20230430,600732.SH
20230430,603939.SH
20230430,002007.SZ
20231031,600519.SH
20231031,600941.SH
20231031,601398.SH
20231031,601939.SH
20231031,601857.SH
20231031,601288.SH
20231031,601988.SH
20231031,600938.SH
20231031,601628.SH
20231031,300750.SZ
20231031,600036.SH
20231031,601318.SH
20231031,002594.SZ
20231031,600028.SH
20231031,601088.SH
20231031,000858.SZ
20231031,600900.SH
20231031,601728.SH
20231031,601658.SH
20231031,601328.SH
20231031,688981.SH
20231031,000333.SZ
20231031,601138.SH
20231031,601899.SH
20231031,601166.SH
20231031,300760.SZ
20231031,600030.SH
20231031,002415.SZ
20231031,601998.SH
20231031,600276.SH
20231031,600809.SH
20231031,601601.SH
20231031,000568.SZ
20231031,600309.SH
20231031,601816.SH
20231031,601319.SH
20231031,300059.SZ
20231031,603288.SH
20231031,600690.SH
20231031,002475.SZ
20231031,601668.SH
20231031,002714.SZ
20231031,600000.SH
20231031,601633.SH
20231031,601888.SH
20231031,000001.SZ
20231031,002352.SZ
20231031,000651.SZ
20231031,601225.SH
20231031,601012.SH
20231031,300999.SZ
20231031,603259.SH
20231031,601919.SH
20231031,601766.SH
20231031,601066.SH
20231031,600406.SH
20231031,601818.SH
20231031,688041.SH
20231031,003816.SZ
20231031,600887.SH
20231031,002304.SZ
20231031,601995.SH
20231031,600104.SH
20231031,002142.SZ
20231031,600016.SH
20231031,300124.SZ
20231031,601390.SH
20231031,600188.SH
20231031,002371.SZ
20231031,601985.SH
20231031,300015.SZ
20231031,600050.SH
20231031,600025.SH
20231031,300274.SZ
20231031,000725.SZ
20231031,600436.SH
20231031,601800.SH
20231031,000063.SZ
20231031,688111.SH
20231031,600905.SH
20231031,600019.SH
20231031,600150.SH
20231031,603993.SH
20231031,601898.SH
20231031,600048.SH
20231031,000625.SZ
20231031,000002.SZ
20231031,601111.SH
20231031,600031.SH
20231031,601211.SH
20231031,600585.SH
20231031,601688.SH
20231031,600438.SH
20231031,600919.SH
20231031,600999.SH
20231031,600011.SH
20231031,601881.SH
20231031,000596.SZ
20231031,600837.SH
20231031,300498.SZ
20231031,601186.SH
20231031,000338.SZ
20231031,600600.SH
20231031,600760.SH
20231031,603501.SH
20231031,600029.SH
20231031,601006.SH
20231031,000166.SZ
20231031,000776.SZ
20231031,688271.SH
20231031,600660.SH
20231031,601336.SH
20231031,002493.SZ
20231031,002230.SZ
20231031,600547.SH
20231031,601600.SH
20231031,600989.SH
20231031,601127.SH
20231031,300122.SZ
20231031,300014.SZ
20231031,601169.SH
20231031,600893.SH
20231031,600346.SH
20231031,600009.SH
20231031,688223.SH
20231031,600886.SH
20231031,601989.SH
20231031,601238.SH
20231031,000792.SZ
20231031,300308.SZ
20231031,688036.SH
20231031,601669.SH
20231031,600845.SH
20231031,600015.SH
20231031,601009.SH
20231031,002460.SZ
20231031,000538.SZ
20231031,001979.SZ
20231031,601229.SH
20231031,600115.SH
20231031,002027.SZ
20231031,601868.SH
20231031,688012.SH
20231031,688256.SH
20231031,002736.SZ
20231031,002466.SZ
20231031,002050.SZ
20231031,603392.SH
20231031,000895.SZ
20231031,300033.SZ
20231031,002179.SZ
20231031,605499.SH
20231031,002459.SZ
20231031,002311.SZ
20231031,000617.SZ
20231031,300896.SZ
20231031,600958.SH
20231031,002129.SZ
20231031,600111.SH
20231031,600795.SH
20231031,600010.SH
20231031,000100.SZ
20231031,601100.SH
20231031,000425.SZ
20231031,601788.SH
20231031,600089.SH
20231031,600196.SH
20231031,300433.SZ
20231031,603260.SH
20231031,601689.SH
20231031,600926.SH
20231031,688599.SH
20231031,688303.SH
20231031,600674.SH
20231031,601916.SH
20231031,601607.SH
20231031,601698.SH
20231031,601618.SH
20231031,000301.SZ
20231031,600362.SH
20231031,601360.SH
20231031,600039.SH
20231031,600023.SH
20231031,002049.SZ
20231031,000768.SZ
20231031,000938.SZ
20231031,688008.SH
20231031,002241.SZ
20231031,001965.SZ
20231031,600026.SH
20231031,000963.SZ
20231031,688187.SH
20231031,603369.SH
20231031,002938.SZ
20231031,002920.SZ
20231031,002812.SZ
20231031,603799.SH
20231031,603986.SH
20231031,603019.SH
20231031,688396.SH
20231031,600085.SH
20231031,601901.SH
20231031,601865.SH
20231031,300316.SZ
20231031,600426.SH
20231031,600570.SH
20231031,300347.SZ
20231031,000157.SZ
20231031,300408.SZ
20231031,600027.SH
20231031,688009.SH
20231031,002001.SZ
20231031,002236.SZ
20231031,601872.SH
20231031,600489.SH
20231031,300782.SZ
20231031,600372.SH
20231031,603806.SH
20231031,601699.SH
20231031,002648.SZ
20231031,000977.SZ
20231031,600588.SH
20231031,002709.SZ
20231031,601021.SH
20231031,600584.SH
20231031,002271.SZ
20231031,000661.SZ
20231031,600233.SH
20231031,600741.SH
20231031,000999.SZ
20231031,601838.SH
20231031,301269.SZ
20231031,000983.SZ
20231031,605117.SH
20231031,600875.SH
20231031,601136.SH
20231031,600745.SH
20231031,300759.SZ
20231031,601377.SH
20231031,603659.SH
20231031,300413.SZ
20231031,601059.SH
20231031,601877.SH
20231031,603833.SH
20231031,300832.SZ
20231031,300442.SZ
20231031,688126.SH
20231031,002463.SZ
20231031,600160.SH
20231031,600176.SH
20231031,600332.SH
20231031,000876.SZ
20231031,601117.SH
20231031,300502.SZ
20231031,300628.SZ
20231031,000786.SZ
20231031,600918.SH
20231031,002252.SZ
20231031,000807.SZ
20231031,002180.SZ
20231031,600415.SH
20231031,002916.SZ
20231031,600515.SH
20231031,002555.SZ
20231031,002600.SZ
20231031,002422.SZ
20231031,600061.SH
20231031,002601.SZ
20231031,300450.SZ
20231031,600161.SH
20231031,002028.SZ
20231031,600482.SH
20231031,601878.SH
20231031,600183.SH
20231031,300418.SZ
20231031,002074.SZ
20231031,688082.SH
20231031,300661.SZ
20231031,000975.SZ
20231031,300751.SZ
20231031,000408.SZ
20231031,600219.SH
20231031,002821.SZ
20231031,600460.SH
20231031,002202.SZ
20231031,600754.SH
20231031,000630.SZ
20231031,600132.SH
20231031,300394.SZ
20231031,002603.SZ
20231031,002410.SZ
20231031,688169.SH
20231031,688363.SH
20231031,600066.SH
20231031,601799.SH
20231031,300919.SZ
20231031,000066.SZ
20231031,000733.SZ
20231031,601236.SH
20231031,300142.SZ
20240430,600941.SH
20240430,600519.SH
20240430,601398.SH
20240430,601939.SH
20240430,601857.SH
20240430,601288.SH
20240430,601988.SH
20240430,600938.SH
20240430,601628.SH
20240430,300750.SZ
20240430,600036.SH
20240430,601318.SH
20240430,600028.SH
20240430,601088.SH
20240430,002594.SZ
20240430,600900.SH
20240430,000858.SZ
20240430,601728.SH
20240430,601658.SH
20240430,601328.SH
20240430,688981.SH
20240430,000333.SZ
20240430,601138.SH
20240430,601899.SH
20240430,601166.SH
20240430,300760.SZ
20240430,600030.SH
20240430,601998.SH
20240430,002415.SZ
20240430,600276.SH
20240430,601601.SH
20240430,600809.SH
20240430,601816.SH
20240430,601319.SH
20240430,600309.SH
20240430,000568.SZ
20240430,300059.SZ
20240430,002475.SZ
20240430,600690.SH
20240430,600000.SH
20240430,601668.SH
20240430,603288.SH
20240430,002714.SZ
20240430,000651.SZ
20240430,601633.SH
20240430,601225.SH
20240430,000001.SZ
20240430,002352.SZ
20240430,688041.SH
20240430,601766.SH
20240430,601919.SH
20240430,601818.SH
20240430,600406.SH
20240430,003816.SZ
20240430,601066.SH
20240430,300999.SZ
20240430,601888.SH
20240430,603259.SH
20240430,600887.SH
20240430,600104.SH
20240430,601995.SH
20240430,600016.SH
20240430,601985.SH
20240430,002371.SZ
20240430,600025.SH
20240430,601390.SH
20240430,300124.SZ
20240430,601012.SH
20240430,002142.SZ
20240430,002304.SZ
20240430,600188.SH
20240430,600050.SH
20240430,000725.SZ
20240430,601800.SH
20240430,300274.SZ
20240430,600150.SH
20240430,000063.SZ
20240430,603993.SH
20240430,601898.SH
20240430,600436.SH
20240430,600019.SH
20240430,688111.SH
20240430,000625.SZ
20240430,300015.SZ
20240430,600919.SH
20240430,601211.SH
20240430,601688.SH
20240430,600905.SH
20240430,600031.SH
20240430,601881.SH
20240430,600999.SH
20240430,600011.SH
20240430,600585.SH
20240430,601111.SH
20240430,600048.SH
20240430,600837.SH
20240430,000338.SZ
20240430,300498.SZ
20240430,601127.SH
20240430,000596.SZ
20240430,603501.SH
20240430,000002.SZ
20240430,601186.SH
20240430,300308.SZ
20240430,601006.SH
20240430,000166.SZ
20240430,600660.SH
20240430,600760.SH
20240430,600438.SH
20240430,601336.SH
20240430,601600.SH
20240430,600547.SH
20240430,002230.SZ
20240430,600989.SH
20240430,601169.SH
20240430,000776.SZ
20240430,600029.SH
20240430,600600.SH
20240430,600886.SH
20240430,688036.SH
20240430,601989.SH
20240430,002493.SZ
20240430,688256.SH
20240430,688271.SH
20240430,600015.SH
20240430,600893.SH
20240430,600346.SH
20240430,601229.SH
20240430,600845.SH
20240430,300122.SZ
20240430,688012.SH
20240430,000538.SZ
20240430,601009.SH
20240430,002027.SZ
20240430,601238.SH
20240430,601868.SH
20240430,001979.SZ
20240430,601669.SH
20240430,600009.SH
20240430,000792.SZ
20240430,300014.SZ
20240430,002050.SZ
20240430,002736.SZ
20240430,600115.SH
20240430,300033.SZ
20240430,688223.SH
20240430,000895.SZ
20240430,605499.SH
20240430,603392.SH
20240430,002179.SZ
20240430,002460.SZ
20240430,000617.SZ
20240430,600795.SH
20240430,000100.SZ
20240430,000425.SZ
20240430,600958.SH
20240430,300433.SZ
20240430,002466.SZ
20240430,600674.SH
20240430,002311.SZ
20240430,601788.SH
20240430,600010.SH
20240430,601100.SH
20240430,600111.SH
20240430,601689.SH
20240430,601916.SH
20240430,600023.SH
20240430,601698.SH
20240430,600926.SH
20240430,600089.SH
20240430,600362.SH
20240430,001965.SZ
20240430,601607.SH
20240430,601618.SH
20240430,300896.SZ
20240430,601360.SH
20240430,603019.SH
20240430,600196.SH
20240430,600039.SH
20240430,000938.SZ
20240430,002241.SZ
20240430,000768.SZ
20240430,002459.SZ
20240430,600026.SH
20240430,688008.SH
20240430,002920.SZ
20240430,000301.SZ
20240430,002938.SZ
20240430,603369.SH
20240430,601901.SH
20240430,002129.SZ
20240430,688303.SH
20240430,688187.SH
20240430,600085.SH
20240430,000963.SZ
20240430,603986.SH
20240430,600372.SH
20240430,000157.SZ
20240430,688396.SH
20240430,600027.SH
20240430,600489.SH
20240430,002236.SZ
20240430,300408.SZ
20240430,000977.SZ
20240430,688009.SH
20240430,002049.SZ
20240430,601865.SH
20240430,600426.SH
20240430,002001.SZ
20240430,688599.SH
20240430,601872.SH
20240430,600584.SH
20240430,300502.SZ
20240430,002648.SZ
20240430,603296.SH
20240430,002463.SZ
20240430,603799.SH
20240430,601699.SH
20240430,601136.SH
20240430,000999.SZ
20240430,601021.SH
20240430,601838.SH
20240430,300782.SZ
20240430,600741.SH
20240430,300316.SZ
20240430,600570.SH
20240430,000983.SZ
20240430,301269.SZ
20240430,300832.SZ
20240430,601377.SH
20240430,300442.SZ
20240430,300347.SZ
20240430,600160.SH
20240430,601059.SH
20240430,600233.SH
20240430,600415.SH
20240430,600875.SH
20240430,002812.SZ
20240430,300413.SZ
20240430,000661.SZ
20240430,688126.SH
20240430,600332.SH
20240430,002252.SZ
20240430,600745.SH
20240430,603806.SH
20240430,600588.SH
20240430,601877.SH
20240430,605117.SH
20240430,000786.SZ
20240430,000807.SZ
20240430,002709.SZ
20240430,002028.SZ
20240430,600918.SH
20240430,600176.SH
20240430,300418.SZ
20240430,002271.SZ
20240430,601117.SH
20240430,002600.SZ
20240430,300759.SZ
20240430,300394.SZ
20240430,002422.SZ
20240430,600482.SH
20240430,002916.SZ
20240430,603659.SH
20240430,000876.SZ
20240430,600161.SH
20240430,300628.SZ
20240430,603833.SH
20240430,600183.SH
20240430,600061.SH
20240430,601878.SH
20240430,000975.SZ
20240430,688082.SH
20240430,002555.SZ
20240430,002601.SZ
20240430,600066.SH
20240430,688169.SH
20240430,000630.SZ
20240430,000408.SZ
20240430,600219.SH
20240430,002074.SZ
20240430,002180.SZ
20240430,002202.SZ
20240430,601799.SH
20240430,300661.SZ
20240430,600460.SH
20240430,300450.SZ
20240430,002821.SZ
20240430,002602.SZ
20240430,601236.SH
20240430,601216.SH
20240430,002007.SZ
20240430,300751.SZ
20240430,300919.SZ
20240430,688235.SH
20240430,601727.SH
20240430,600703.SH
20240430,601825.SH
20240430,600221.SH
20240430,601077.SH
20241031,600941.SH
20241031,601398.SH
20241031,600519.SH
20241031,601939.SH
20241031,601857.SH
20241031,601288.SH
20241031,601988.SH
20241031,600938.SH
20241031,601628.SH
20241031,300750.SZ
20241031,600036.SH
20241031,601318.SH
20241031,601088.SH
20241031,600028.SH
20241031,002594.SZ
20241031,600900.SH
20241031,601728.SH
20241031,000858.SZ
20241031,601328.SH
20241031,601658.SH
20241031,688981.SH
20241031,000333.SZ
20241031,601138.SH
20241031,601899.SH
20241031,601166.SH
20241031,600030.SH
20241031,601998.SH
20241031,300760.SZ
20241031,002415.SZ
20241031,600276.SH
20241031,601601.SH
20241031,601816.SH
20241031,601319.SH
20241031,600809.SH
20241031,300059.SZ
20241031,002475.SZ
20241031,600690.SH
20241031,600309.SH
20241031,600000.SH
20241031,601225.SH
20241031,601668.SH
20241031,000568.SZ
20241031,000651.SZ
20241031,002714.SZ
20241031,603288.SH
20241031,601633.SH
20241031,688041.SH
20241031,000001.SZ
20241031,601919.SH
20241031,003816.SZ
20241031,601766.SH
20241031,601818.SH
20241031,600406.SH
20241031,002352.SZ
20241031,601066.SH
20241031,601985.SH
20241031,600025.SH
20241031,600887.SH
20241031,600104.SH
20241031,002371.SZ
20241031,600016.SH
20241031,300999.SZ
20241031,601995.SH
20241031,600188.SH
20241031,601898.SH
20241031,603259.SH
20241031,600150.SH
20241031,603993.SH
20241031,000725.SZ
20241031,601390.SH
20241031,300124.SZ
20241031,601888.SH
20241031,600050.SH
20241031,002142.SZ
20241031,300274.SZ
20241031,600919.SH
20241031,601800.SH
20241031,600019.SH
20241031,000625.SZ
20241031,601127.SH
20241031,000063.SZ
20241031,601211.SH
20241031,002304.SZ
20241031,601881.SH
20241031,600999.SH
20241031,601012.SH
20241031,600436.SH
20241031,601688.SH
20241031,600031.SH
20241031,600905.SH
20241031,300308.SZ
20241031,000338.SZ
20241031,600660.SH
20241031,600585.SH
20241031,600011.SH
20241031,300498.SZ
20241031,600837.SH
20241031,300015.SZ
20241031,688111.SH
20241031,601111.SH
20241031,603501.SH
20241031,601006.SH
20241031,601600.SH
20241031,000166.SZ
20241031,688256.SH
20241031,600760.SH
20241031,600547.SH
20241031,600989.SH
20241031,601169.SH
20241031,601186.SH
20241031,600886.SH
20241031,601336.SH
20241031,600048.SH
20241031,000596.SZ
20241031,601989.SH
20241031,000776.SZ
20241031,600029.SH
20241031,688036.SH
20241031,600015.SH
20241031,601229.SH
20241031,600438.SH
20241031,688271.SH
20241031,002230.SZ
20241031,000002.SZ
20241031,600600.SH
20241031,002493.SZ
20241031,601009.SH
20241031,600346.SH
20241031,600893.SH
20241031,688012.SH
20241031,000538.SZ
20241031,600845.SH
20241031,002027.SZ
20241031,605499.SH
20241031,601868.SH
20241031,002736.SZ
20241031,300033.SZ
20241031,300122.SZ
20241031,601238.SH
20241031,601669.SH
20241031,000895.SZ
20241031,000792.SZ
20241031,001979.SZ
20241031,002050.SZ
20241031,600795.SH
20241031,600115.SH
20241031,600009.SH
20241031,603392.SH
20241031,300433.SZ
20241031,300014.SZ
20241031,000100.SZ
20241031,600674.SH
20241031,000425.SZ
20241031,688223.SH
20241031,002179.SZ
20241031,600023.SH
20241031,000617.SZ
20241031,601916.SH
20241031,600958.SH
20241031,001965.SZ
20241031,601788.SH
20241031,002311.SZ
20241031,600926.SH
20241031,601689.SH
20241031,600362.SH
20241031,600010.SH
20241031,601698.SH
20241031,601100.SH
20241031,603019.SH
20241031,002460.SZ
20241031,600111.SH
20241031,601607.SH
20241031,002241.SZ
20241031,600089.SH
20241031,002938.SZ
20241031,600026.SH
20241031,000768.SZ
20241031,601901.SH
20241031,688008.SH
20241031,601618.SH
20241031,600196.SH
20241031,002466.SZ
20241031,688506.SH
20241031,600039.SH
20241031,300502.SZ
20241031,688187.SH
20241031,601360.SH
20241031,000938.SZ
20241031,000157.SZ
20241031,600489.SH
20241031,002463.SZ
20241031,002920.SZ
20241031,603369.SH
20241031,300896.SZ
20241031,002001.SZ
20241031,600027.SH
20241031,300408.SZ
20241031,601872.SH
20241031,603986.SH
20241031,000963.SZ
20241031,600372.SH
20241031,002648.SZ
20241031,688009.SH
20241031,000977.SZ
20241031,600085.SH
20241031,688396.SH
20241031,600584.SH
20241031,603296.SH
20241031,601136.SH
20241031,601699.SH
20241031,601838.SH
20241031,002236.SZ
20241031,600160.SH
20241031,000999.SZ
20241031,688303.SH
20241031,300832.SZ
20241031,600426.SH
20241031,601021.SH
20241031,000983.SZ
20241031,601865.SH
20241031,300442.SZ
20241031,600741.SH
20241031,002049.SZ
20241031,300782.SZ
20241031,600415.SH
20241031,002459.SZ
20241031,301269.SZ
20241031,300394.SZ
20241031,002028.SZ
20241031,600233.SH
20241031,601059.SH
20241031,601377.SH
20241031,002916.SZ
20241031,002252.SZ
20241031,603799.SH
20241031,600875.SH
20241031,688599.SH
20241031,000786.SZ
20241031,600066.SH
20241031,300347.SZ
20241031,600183.SH
20241031,600332.SH
20241031,002422.SZ
20241031,600482.SH
20241031,605117.SH
20241031,000807.SZ
20241031,000975.SZ
20241031,600161.SH
20241031,688126.SH
20241031,300413.SZ
20241031,600570.SH
20241031,002129.SZ
20241031,600918.SH
20241031,601878.SH
20241031,000661.SZ
20241031,688472.SH
20241031,601877.SH
20241031,300418.SZ
20241031,601117.SH
20241031,300316.SZ
20241031,688169.SH
20241031,600745.SH
20241031,603806.SH
20241031,300628.SZ
20241031,300759.SZ
20241031,000630.SZ
20241031,002601.SZ
20241031,600061.SH
20241031,600176.SH
20241031,000408.SZ
20241031,000876.SZ
20241031,600219.SH
20241031,600588.SH
20241031,603833.SH
20241031,002812.SZ
20241031,002709.SZ
20241031,002271.SZ
20241031,300661.SZ
20241031,002555.SZ
20241031,002074.SZ
20241031,600460.SH
20241031,603659.SH
20241031,002180.SZ
20241031,002202.SZ
20241031,601216.SH
20241031,601236.SH
20241031,688235.SH
20241031,601727.SH
20241031,601825.SH
20241031,688347.SH
20241031,600703.SH
20241031,600221.SH
20241031,601077.SH
20241031,601298.SH
20241031,601991.SH
20241031,002625.SZ
20241031,001289.SZ
20241031,601018.SH
20241031,600418.SH
20241031,600236.SH
